{
  "evaluation": {
    "accuracy": 0.5,
    "precision": 0.5714285714285714,
    "recall": 0.5714285714285714,
    "f1": 0.5714285714285714,
    "confusion_matrix": [
      [
        2,
        3
      ],
      [
        3,
        4
      ]
    ]
  },
  "feature_importances": {
    "importance": {
      "strike": 0.1821182204917903,
      "time_value": 0.13808679915742655,
      "moneyness": 0.10818472067408778,
      "days_to_expiry": 0.08116097441075908,
      "bid_ask_spread": 0.07988756021907954,
      "delta": 0.07182825053034274,
      "implied_volatility": 0.06311929963770868,
      "relative_strike": 0.057189643399102784,
      "gamma": 0.05090603938195022,
      "vega": 0.047947427244632336,
      "underlying_price": 0.04597988275830127,
      "theta": 0.03687374564224798,
      "intrinsic_value": 0.03671743645257076,
      "bid_ask_spread_percent": 0.0,
      "option_type_C": 0.0,
      "option_type_P": 0.0
    }
  },
  "best_params": {
    "class_weight": null,
    "max_depth": null,
    "min_samples_leaf": 4,
    "min_samples_split": 2,
    "n_estimators": 50
  },
  "cv_scores": [
    0.7692307692307693,
    0.8,
    0.8,
    0.7692307692307693,
    0.6666666666666666
  ]
}