{
  "evaluation": {
    "accuracy": 0.4166666666666667,
    "precision": 0.6666666666666666,
    "recall": 0.4444444444444444,
    "f1": 0.5333333333333333,
    "confusion_matrix": [
      [
        1,
        2
      ],
      [
        5,
        4
      ]
    ]
  },
  "feature_importances": {
    "importance": {
      "implied_volatility": 0.13029350197337974,
      "theta": 0.10729793047217065,
      "bid_ask_spread": 0.08676694896287188,
      "days_to_expiry": 0.08529279752185984,
      "gamma": 0.08237749129199096,
      "vega": 0.08135908228326169,
      "relative_strike": 0.07905818967159847,
      "underlying_price": 0.0756746496958044,
      "moneyness": 0.06798851646580537,
      "strike": 0.06574379915305269,
      "delta": 0.06502145902407133,
      "time_value": 0.04834356881705101,
      "intrinsic_value": 0.024782064667081993,
      "bid_ask_spread_percent": 0.0,
      "option_type_C": 0.0,
      "option_type_P": 0.0
    }
  },
  "best_params": {
    "class_weight": null,
    "max_depth": null,
    "min_samples_leaf": 1,
    "min_samples_split": 2,
    "n_estimators": 100
  },
  "cv_scores": [
    0.4,
    0.5,
    0.0,
    0.6666666666666666,
    0.5
  ]
}